Название,Цена,Ссылка
Белые грибы Hortex,3.7,
Белые маринованные,3.0,
Белые сушёные,23.4,
Вешенки маринованные Steinhauer,1.0,
Грибное ассорти 4 сезона,2.9,
Грибное ризотто Бондюэль в томатном соусе,2.4,
Грузди маринованные Steinhauer,1.0,
Дождевики,4.3,
Лесные грибы Hortex,2.2,
Лисички быстрозамороженные Свой урожай,1.5,
Лисички сушёные,22.3,
Маслята свежие,2.4,
Опята маринованные,1.8,
Опята целые Sunfeel,3.0,
Подберёзовики свежие,2.3,
Подосиновики свежие,4.1,
Польский гриб,1.7,
Портобелло свежие,2.5,
Смесь Грибной дуэт Планета Витаминов Маслята и Опята,5.7,
Сыроежки свежие,1.7,
Чернушки,1.5,
Шампиньоны Hortex резаные,2.6,
Шампиньоны Бондюэль резаные,2.3,
Шампиньоны Бондюэль целые,2.3,
Шампиньоны консервированные,1.6,
Шампиньоны Красная цена резаные,2.5,
Шампиньоны свежие,4.3,
Шиитаке свежие,2.2,
Эринги,3.3,
